{"name":"e58460d2-5263-4e75-9df8-273d1d235a2b","id":"/providers/Microsoft.Flow/flows/e58460d2-5263-4e75-9df8-273d1d235a2b","type":"Microsoft.Flow/flows","properties":{"apiId":"/providers/Microsoft.PowerApps/apis/shared_logicflows","displayName":"Demo Flow - Migrator","definition":{"metadata":{"workflowEntityId":null,"processAdvisorMetadata":null,"flowclientsuspensionreason":"None","flowclientsuspensiontime":null,"creator":{"id":"d2ad5783-c1a6-43d8-b3ac-b5ce5561d339","type":"User","tenantId":"b9c6be6c-5dbf-4ce7-b21e-c21c8cbd77e5"},"provisioningMethod":"FromDefinition","failureAlertSubscription":true,"clientLastModifiedTime":"2021-08-22T18:36:11.8495356Z"},"$schema":"https://schema.management.azure.com/providers/Microsoft.Logic/schemas/2016-06-01/workflowdefinition.json#","contentVersion":"1.0.0.0","parameters":{"$connections":{"defaultValue":{},"type":"Object"},"$authentication":{"defaultValue":{},"type":"SecureObject"}},"triggers":{"When_an_item_is_created":{"recurrence":{"frequency":"Minute","interval":1},"splitOn":"@triggerOutputs()?['body/value']","type":"OpenApiConnection","inputs":{"host":{"apiId":"/providers/Microsoft.PowerApps/apis/shared_sharepointonline","connectionName":"shared_sharepointonline","operationId":"GetOnNewItems"},"parameters":{"dataset":"https://gocleverpointcom.sharepoint.com/sites/Demo-AppsMigrator","table":"9bbb9d65-dcd3-4fba-a2b7-c0f0066219c2"},"authentication":"@parameters('$authentication')"}}},"actions":{"Get_items":{"runAfter":{},"type":"OpenApiConnection","inputs":{"host":{"apiId":"/providers/Microsoft.PowerApps/apis/shared_sharepointonline","connectionName":"shared_sharepointonline","operationId":"GetItems"},"parameters":{"dataset":"https://gocleverpointcom.sharepoint.com/sites/Demo-AppsMigrator","table":"35dec043-7a6f-4d22-8866-468dbd8052a7"},"authentication":"@parameters('$authentication')"}},"Delete_item":{"runAfter":{"Get_items":["Succeeded"]},"type":"OpenApiConnection","inputs":{"host":{"apiId":"/providers/Microsoft.PowerApps/apis/shared_sharepointonline","connectionName":"shared_sharepointonline","operationId":"DeleteItem"},"parameters":{"dataset":"https://gocleverpointcom.sharepoint.com/sites/Demo-AppsMigrator","table":"87455727-ee98-4541-924c-f3034176110a","id":1},"authentication":"@parameters('$authentication')"}},"Apply_to_each":{"foreach":"@outputs('Get_items')?['body/value']","actions":{"Update_item":{"runAfter":{},"type":"OpenApiConnection","inputs":{"host":{"apiId":"/providers/Microsoft.PowerApps/apis/shared_sharepointonline","connectionName":"shared_sharepointonline","operationId":"PatchItem"},"parameters":{"dataset":"https://gocleverpointcom.sharepoint.com/sites/Demo-AppsMigrator","table":"35dec043-7a6f-4d22-8866-468dbd8052a7","id":10,"item/Title":"@items('Apply_to_each')?['Title']"},"authentication":"@parameters('$authentication')"}}},"runAfter":{"Delete_item":["Succeeded"]},"type":"Foreach"},"Create_item":{"runAfter":{"Apply_to_each":["Succeeded"]},"type":"OpenApiConnection","inputs":{"host":{"apiId":"/providers/Microsoft.PowerApps/apis/shared_sharepointonline","connectionName":"shared_sharepointonline","operationId":"PostItem"},"parameters":{"dataset":"https://gocleverpointcom.sharepoint.com/sites/Demo-AppsMigrator","table":"35dec043-7a6f-4d22-8866-468dbd8052a7","item/Title":"new member","item/Email":"email@test.com"},"authentication":"@parameters('$authentication')"}},"Get_lists":{"runAfter":{"Create_item":["Succeeded"]},"type":"OpenApiConnection","inputs":{"host":{"apiId":"/providers/Microsoft.PowerApps/apis/shared_sharepointonline","connectionName":"shared_sharepointonline","operationId":"GetTables"},"parameters":{"dataset":"https://gocleverpointcom.sharepoint.com/sites/Demo-AppsMigrator"},"authentication":"@parameters('$authentication')"}},"Get_list_views":{"runAfter":{"Get_lists":["Succeeded"]},"type":"OpenApiConnection","inputs":{"host":{"apiId":"/providers/Microsoft.PowerApps/apis/shared_sharepointonline","connectionName":"shared_sharepointonline","operationId":"GetTableViews"},"parameters":{"dataset":"https://gocleverpointcom.sharepoint.com/sites/Demo-AppsMigrator","table":"9bbb9d65-dcd3-4fba-a2b7-c0f0066219c2"},"authentication":"@parameters('$authentication')"}}}},"connectionReferences":{"shared_sharepointonline":{"connectionName":"31d51c55931240bf9f964dda7d18385a","source":"Embedded","id":"/providers/Microsoft.PowerApps/apis/shared_sharepointonline","tier":"NotSpecified"}},"flowFailureAlertSubscribed":false}}
