{"schemaVersion":"1.0","appDefinitionTemplate":{"id":"/providers/Microsoft.PowerApps/apps/","type":"Microsoft.PowerApps/apps","tags":{"minimumRequiredApiVersion":"2.2.0"},"properties":{"appVersion":"2018-07-25T13:49:59Z","lifeCycleId":"Published","createdByClientVersion":{"major":3,"minor":18073,"build":28,"revision":0,"majorRevision":0,"minorRevision":0},"minClientVersion":{"major":3,"minor":18073,"build":28,"revision":0,"majorRevision":0,"minorRevision":0},"backgroundColor":"rgba(253, 193, 2, 1)","backgroundImageUri":"/10062331318717979358/Nd5a9499e-761c-4bca-9175-43b67a9b1944-logoSmallFile","displayName":"BMO Project Portal","description":"","appUris":{"documentUri":{"value":"/10062331318717979358/N6c361bf0-2aac-4fcd-8ec6-b08e504f68be-document.msapp","readonlyValue":"/10062331318717979358/N6c361bf0-2aac-4fcd-8ec6-b08e504f68be-document.msapp"},"imageUris":[]},"createdTime":"0001-01-01T00:00:00Z","lastModifiedTime":"0001-01-01T00:00:00Z","sharedGroupsCount":0,"sharedUsersCount":0,"icons":{"smallIconUri":"/10062331318717979358/N494e58ab-8079-43b7-a996-938925dc922c-small.png","mediumIconUri":"/10062331318717979358/N72bb296a-6144-43df-ade5-9b255aa5d797-medium.png","largeIconUri":"/10062331318717979358/N90c55383-c5e6-42a0-95aa-1371cdbb78a1-large.png","wideIconUri":"/10062331318717979358/Nbbb401c2-0b37-4222-976c-e9966fc8c434-wide.png"},"connectionReferences":{"2ac00e0c-ff09-4889-8505-232d84b900fc":{"id":"890cce36-c685-4285-9967-7b5648d41b52","displayName":"SharePoint","iconUri":"https://connectoricons-prod.azureedge.net/sharepointonline/icon_1.0.1008.1183.png","dataSources":["Stakeholders","Projects","Artefact Approvals","Artefacts"],"dependencies":[],"dependents":[],"parameterHints":{},"isOnPremiseConnection":false,"bypassConsent":false,"dataSets":{"https://bmodev.sharepoint.com/teams/pmportal":{"dataSources":{"Stakeholders":{"tableName":"f3de37e3-9ea2-4346-81f7-67861a7b5dc0"},"Projects":{"tableName":"280da0ed-10d7-4481-98d6-ea7d5410cff3"},"Artefact Approvals":{"tableName":"de7bd5d4-7226-43aa-b750-df7785dbd2b4"},"Artefacts":{"tableName":"3db9d0d8-561e-4714-8172-56266f4d2afc"}}}},"apiTier":"Standard"},"6d18b632-753e-49f5-8964-2dae3040fec7":{"id":"495ee8e3-5f3d-44a6-b783-0c174d5ad74f","displayName":"Office 365 Users","iconUri":"https://connectoricons-prod.azureedge.net/office365users/icon_1.0.1002.1175.png","dataSources":["Office365Users"],"dependencies":[],"dependents":[],"parameterHints":{},"isOnPremiseConnection":false,"bypassConsent":false,"dataSets":{},"apiTier":"Standard"},"0dc75d63-f96e-40cc-87b1-0d22dca2e4b5":{"id":"890cce36-c685-4285-9967-7b5648d41b52","displayName":"SharePoint","iconUri":"https://connectoricons-prod.azureedge.net/sharepointonline/icon_1.0.1008.1183.png","dataSources":["PowerApps System List"],"dependencies":[],"dependents":[],"parameterHints":{},"isOnPremiseConnection":false,"bypassConsent":false,"dataSets":{"https://bmodev.sharepoint.com/teams/pmportal":{"dataSources":{"PowerApps System List":{"tableName":"e3dc0b1e-3ccb-49cb-b712-72de504d1626"}}}},"apiTier":"Standard"}},"entityReferences":{}}}}