{"schemaVersion":"1.0","appDefinitionTemplate":{"id":"/providers/Microsoft.PowerApps/apps/","type":"Microsoft.PowerApps/apps","tags":{"primaryDeviceWidth":"1366","primaryDeviceHeight":"768","sienaVersion":"20210822T170427Z-3.21081.49.0","deviceCapabilities":"","supportsPortrait":"false","supportsLandscape":"true","primaryFormFactor":"Tablet","publisherVersion":"3.21081.49","minimumRequiredApiVersion":"2.2.0","hasComponent":"true","hasUnlockedComponent":"true","isUnifiedRootApp":"false"},"properties":{"appVersion":"2021-08-22T17:04:27Z","lifeCycleId":"Published","createdByClientVersion":{"major":3,"minor":21081,"build":49,"revision":0,"majorRevision":0,"minorRevision":0},"minClientVersion":{"major":3,"minor":21081,"build":49,"revision":0,"majorRevision":0,"minorRevision":0},"backgroundColor":"rgba(37, 62, 143, 1)","backgroundImageUri":"/9154649880707060355/N245f2aa4-89b4-446e-a248-1211a15882db-logoSmallFile","displayName":"Performance Management Demo","description":"","commitMessage":"","appUris":{"documentUri":{"value":"/9154649880707060355/N09d6fd84-7a26-43e4-b32a-6d0cf80fd1e5-document.msapp"},"imageUris":[]},"createdTime":"0001-01-01T00:00:00Z","lastModifiedTime":"0001-01-01T00:00:00Z","sharedGroupsCount":0,"sharedUsersCount":0,"icons":{"smallIconUri":"/9154649880707060355/N41a7e5dc-c303-46ad-8c6a-73455b1860b0-small.png","mediumIconUri":"/9154649880707060355/N2413babd-6596-4579-ab9f-12aeacc08167-medium.png","largeIconUri":"/9154649880707060355/N14be968c-7830-4c63-8f3f-7a499c80a8c4-large.png","wideIconUri":"/9154649880707060355/Nda0ab8bf-e822-4511-89ad-3e1a94c5a9bc-wide.png"},"connectionReferences":{"a9f147d8-ff35-4e1b-a66a-7a951fe907d3":{"id":"5fae4eac-ccba-4518-9e1b-6294e557b89e","displayName":"Office 365 Users","iconUri":"https://connectoricons-prod.azureedge.net/releases/v1.0.1472/1.0.1472.2427/office365users/icon.png","dataSources":["Office365Users"],"dependencies":[],"dependents":[],"parameterHints":{},"parameterHintsV2":{},"isOnPremiseConnection":false,"dataSets":{},"apiTier":"Standard","isCustomApiConnection":false,"actions":["MyProfile","UserProfile","UserPhoto"]},"6bef6e0f-4a71-4760-ac3a-d5c0f46d4052":{"id":"86437654-3079-41cc-8a27-69849f88f65d","displayName":"SharePoint","iconUri":"https://connectoricons-prod.azureedge.net/releases/v1.0.1505/1.0.1505.2520/sharepointonline/icon.png","dataSources":["Members","Reviews","Expectations"],"dependencies":[],"dependents":[],"parameterHints":{},"parameterHintsV2":{},"isOnPremiseConnection":false,"dataSets":{"https://gocleverpointcom.sharepoint.com/sites/Demo-AppsMigrator":{"dataSources":{"Members":{"tableName":"35dec043-7a6f-4d22-8866-468dbd8052a7"},"Reviews":{"tableName":"87455727-ee98-4541-924c-f3034176110a"},"Expectations":{"tableName":"9bbb9d65-dcd3-4fba-a2b7-c0f0066219c2"}}}},"apiTier":"Standard","isCustomApiConnection":false,"actions":["providers/PowerPlatform.Governance/Operations/Read","providers/PowerPlatform.Governance/Operations/Write"]}},"databaseReferences":{},"almMode":"Environment","performanceOptimizationEnabled":true,"canConsumeAppPass":true,"executionRestrictions":{"isTeamsOnly":false,"dataLossPreventionEvaluationResult":{"status":"Compliant","lastEvaluationDate":"2021-08-22T17:04:42.9272038Z","violations":[],"violationsByPolicy":[],"violationErrorMessage":"The app uses the following connectors: shared_office365users, shared_sharepointonline."}}},"appType":"ClassicCanvasApp","appComponents":[]}}
